日時,PaperCutユーザ名,金額,ポイントチャージ,注文ID,チャージステータス
2025-07-11 11:41:20,azam,300,100,e451d709a5034d3f87cbd20f097253b6,Charge Success
2025-07-15 11:13:28,azam,600,200,970e3939c0d748bcaffc1f3a57c3fc99,Charge Success
2025-07-15 11:20:09,azam,900,300,73f479a446814d4d964936650f900eae,Charge Success
2025-07-15 11:29:34,azam,300,100,c55f6b34ba3b434aa27ed4c9b5145ba0,Charge Success
2025-07-15 13:24:46,azam,300,100,cc6665def0fc45d4bc3466b93bb802e6,Waiting for Payment
2025-07-17 14:00:46,azam,300,100,e86a6d692d0049ed9bbc54dc411815c7,Charge Success
2025-07-17 17:16:33,azam,600,200,fb6b57a544ab47c9af701adf5335ecd1,Charge Success
2025-07-31 10:32:07,azam,400,200,abc506ed7df445a490f5ea16ba31786f,Charge Success
2025-07-31 10:58:51,azam,600,300,87af8a55c42544188f46d7f7b7685975,Charge Success
2025-07-31 14:14:50,azam,800,400,289456a82cb84f31ac93c918276bbb14,Waiting for Payment
2025-07-31 14:15:02,azam,400,200,9d710d1f38eb4654ad7e73c20865ada4,Waiting for Payment
2025-07-31 14:15:37,azam,600,300,55eb9d31165b46adb2f9ced82950210b,Waiting for Payment
2025-07-31 14:16:59,azam,400,200,64cd66f6a5344805a5f01d34d42d5d3a,Charge Success
2025-07-31 14:19:54,azam,800,400,5dd5a71a3541498291dd049c3ed1e07d,Charge Success
2025-07-31 14:30:29,azam,200,100,62796512632349aabbf86d1560b7e8ea,Charge Success
2025-07-31 14:32:23,azam,200,100,37a4af5d0c8c48bbb1530f32f81efadf,Charge Success
2025-07-31 14:45:14,azam,1000,500,799284873e8b451cb5b4a317c5b0322d,Charge Success
2025-07-31 14:57:01,azam,400,200,ef6d8ea401a74d4f81cccc536ab7ab7e,Charge Success
2025-07-31 15:26:30,azam,200,100,486075ced81f4a78a721166796e125b5,Waiting for Payment
2025-07-31 15:35:28,azam,200,100,f1933d2ea0b04f498de93f0a9a26e7c9,Waiting for Payment
2025-08-01 09:21:23,azam,400,200,508a1dee2c3a4dce999ee96149dfee47,Charge Success
2025-10-20 14:21:10,azam,200,100,1ec5eb6496df44a28708e2979fac0a54,Waiting for Payment
2025-10-20 14:21:34,azam,600,300,110b454d1c944e65b7a2503a8fbe1a79,Waiting for Payment
2025-10-20 14:29:48,azam,800,400,74e71050a47e4f949878c1f0b7b8295c,Waiting for Payment
2025-10-20 14:29:57,azam,800,400,40ae1a0493f3430eaf3e43f22d11671c,Waiting for Payment
2025-10-20 14:32:48,azam,600,300,00d2b5a1213b4307876659577a8548b2,Charge Success
2025-10-20 14:33:39,azam,200,100,558130de2da44c6fa04c9eb4cc1ba24b,Charge Success
2025-10-20 14:35:40,azam,200,100,a0b7c0591dd543c984343d75a34522a7,Waiting for Payment
2025-10-20 14:36:01,azam,200,100,3df1c46c67a44e0ea5a5a65e69f5a998,Waiting for Payment
2025-10-20 14:36:09,azam,200,100,a6085db829954a1b97bb09f314e89589,Waiting for Payment
2025-10-20 14:37:15,azam,200,100,81a8020b36e149eaaef057d2c4a4e2b1,Waiting for Payment
2025-10-20 14:45:45,azam,200,100,2826651bea344578872d3d3255462ee9,Waiting for Payment
2025-10-20 14:46:08,azam,200,100,ff1830e542a84902832232d1cd935daa,Waiting for Payment
2025-10-20 14:47:04,azam,200,100,05b682b7fe464cc2975d2c22833eecd9,Waiting for Payment
2025-10-20 14:47:15,azam,200,100,ad46a18710214913b878d53f2ed37a50,Waiting for Payment
2025-10-20 14:47:27,azam,200,100,a94a79e9ac7c458487b7ff510ecaf76b,Waiting for Payment
2025-10-20 14:47:39,azam,200,100,2ecf8ba32ca443a8834894d674c0a62c,Waiting for Payment
2025-10-20 14:52:00,azam,200,100,6cc23a643aa8474387d36635ca2ae6b0,Waiting for Payment
2025-10-20 14:52:12,azam,200,100,d38b530aae3a47d8a55baec32b55e11b,Waiting for Payment
2025-10-20 14:52:27,azam,200,100,17225d653d504518beb945d0148e2797,Waiting for Payment
2025-10-20 14:52:41,azam,200,100,e3ad460e66fd480ca0ef365a7cf7361d,Waiting for Payment
2025-10-20 14:52:55,azam,200,100,d4bd7aec5ceb42ca85b797760886978e,Waiting for Payment
2025-10-20 14:53:03,azam,200,100,c01c7a6048934112838514fd033a70f4,Waiting for Payment
2025-10-20 14:53:13,azam,200,100,7f882c16721240beb3e01b4d0fc7de5a,Waiting for Payment
2025-10-20 14:53:59,azam,200,100,0bccc9dcee7444c38dd7ba7e3bd641c0,Waiting for Payment
2025-10-20 14:54:06,azam,200,100,f0ca3a1d56aa40148fd8a231d38a4c2e,Waiting for Payment
2025-10-20 16:29:24,azam,200,100,7b9516acbbb5428892183f08c6ba3189,Waiting for Payment
2025-10-20 16:38:20,azam,200,100,7cdec65308c548da819990ceb1ce2f34,Waiting for Payment
2025-10-20 16:38:44,azam,200,100,1a793db4e9d14fe7b12595ca1c4135d0,Waiting for Payment
2025-10-20 16:42:37,azam,200,100,order_33952827c0ca4016baa16c1e1330d9c0,Waiting for Payment
2025-10-20 16:46:44,azam,200,100,2dd1567234ae440683552a990dbdda2e,Waiting for Payment
2025-10-20 16:46:54,azam,200,100,ef155569877646aeb36f8ac35c0691ce,Waiting for Payment
2025-10-20 16:47:02,azam,200,100,32518ddc2b844ed4961be1fbf588aa53,Waiting for Payment
2025-10-20 16:47:19,azam,200,100,2e6c6b8bfef04c90968b6d90b0ef1d30,Waiting for Payment
2025-10-20 16:47:31,azam,200,100,195dad0236b74a01ae7752e8f48ce6bf,Waiting for Payment
2025-10-22 17:02:30,azam,600,300,46ce9ab3065f4d5196109f1b86dbf0ec,Waiting for Payment
2025-10-22 17:03:05,azam,200,100,3bede2c3a5a34edc931c4ca5da65eca1,Waiting for Payment
2025-10-22 17:06:01,azam,200,100,order_4ccb1dbcb48c41c6b58670ff59758534,Waiting for Payment
2025-10-22 17:06:13,azam,600,300,order_c83c6d92f9704bdbb9a407df31f4cc9b,Waiting for Payment
2025-10-22 17:08:22,azam,400,200,order_ac58315eb32548e99a4242c545fb8333,Waiting for Payment
2025-10-22 17:12:59,azam,600,300,order_f8477d2fa3404ede9f0c3cc9b8900d8a,Waiting for Payment
2025-10-22 17:15:45,azam,1000,500,order_a8527ce04f184935a58f67abc19bae37,Waiting for Payment
2025-10-22 17:16:02,azam,200,100,order_271f6f88c4a74ebaabf352bf3eec681d,Waiting for Payment
2025-10-22 17:16:13,azam,200,100,order_a052de19e11e4a238154ebdb02fdd16a,Waiting for Payment
2025-10-22 17:17:09,azam,200,100,order_337eccc002c74d67aee2861aadbbfc4b,Waiting for Payment
2025-10-22 17:17:30,azam,200,100,order_cd61da29fa27482d912e5d750b3d20d1,Waiting for Payment
2025-10-22 17:26:39,azam,200,100,order_f8bad38f8b0a40c2909dcb0a18fc8750,Waiting for Payment
2025-10-22 17:29:20,azam,200,100,order_1359990611354b0db6a4ef342e0127f6,Waiting for Payment
2025-10-22 17:33:00,azam,200,100,order_5ff57a58dbd34261bf022e072120275f,Waiting for Payment
2025-10-22 17:34:41,azam,200,100,order_4acc8885a00f41ab866a500ae151953a,Waiting for Payment
2025-10-22 17:35:13,azam,200,100,order_0219ba6933b34ad58f342f65cae8b040,Waiting for Payment
2025-10-22 17:35:17,azam,200,100,order_9d49c8bddd854c4984e77fde95f12854,Waiting for Payment
2025-10-23 13:22:14,azam,600,300,fc1d6c6c03da4965897a0a2e36c8f60e,Charge Success
2025-10-23 13:23:05,azam,600,300,2ae3f4d8f87b4da8a0c37500a3b35a6c,Charge Success
2025-10-23 13:24:08,azam,400,200,d477586cfdfd46a0b2d3a373aad2c551,Charge Success
2025-10-29 16:56:53,ali,400,200,c004263b173e4025b00f79eae696ad5e,Charge Success
2025-10-30 10:47:43,azam,200,100,order_4c00dbc3bac249a5a57079ebe1de54d6,Waiting for Payment
2025-10-30 11:13:36,azam,200,100,order_2dc652431b1b475389e5509b8ea1457c,Waiting for Payment
2025-10-30 11:30:09,azam,200,100,order_ae137756b12147aa905346cc5c1e0e3d,Waiting for Payment
2025-10-30 11:43:34,azam,200,100,8b33c56f4f2047a7aa2eb112b4128c39,Charge Success
2025-10-30 11:52:52,azam,200,100,4bc62d6020314515a8759afad645fec7,Waiting for Payment
2025-10-30 11:53:18,azam,200,100,order_87dfeee18d16482dbd06e0829ecad2b4,Waiting for Payment
2025-10-30 14:37:19,azam,200,100,order_81a8022205a84fa79173f2cfa51e5b58,Charge Success
2025-10-30 15:29:22,azam,200,100,order_bde425fadd254d68977ddad9d659c526,Charge Success
2025-11-04 13:51:48,azam,300,100,order_fa8673add687478d9a8a5340e8fd9726,Waiting for Payment
2025-11-04 16:42:39,ali,300,100,d7025ff15b674d9ab2c5bb8ba6f093f6,Waiting for Payment
2025-11-04 16:43:36,ali,300,100,order_f2cd4a815bf4452d977d492456ad62cf,Waiting for Payment
2025-11-05 11:37:03,azam,300,100,order_5ef04d2dc47e402fab51d8b0198fbd20,Charge Success
2025-11-05 13:33:44,azam,300,100,order_f92f5c0ffcd74bb98312f8d866db9338,Waiting for Payment
2025-11-05 13:35:17,azam,300,100,order_0724294dc73b4c43bc4e15bd7a9cb50c,Waiting for Payment
2025-11-05 13:39:08,ali,300,100,order_cb10af8c92744a5494ac4cbed7e68807,Waiting for Payment
2025-11-05 13:40:15,ali,300,100,order_98a46104f94444dabab902155cab802e,Waiting for Payment
2025-11-05 13:47:02,ali,300,100,order_2261d090d5b648f0bdace702de31ae58,Charge Success
2025-11-20 16:02:33,azam,300,100,order_ba1704acec394f8fabefd45cf57ab15c,Charge Success
2025-12-02 16:41:39,admin,100,100,order_9c3eb4ee98cf4cf4be038d1ff0844dd7,Waiting for Payment
2025-12-11 09:46:00,admin,100,100,sb_543c5d75f002447697fee7f211fe071f,Waiting for Payment
2025-12-11 09:46:17,admin,100,100,sb_49219a0fccdd4e798b333c81989c3d97,Waiting for Payment
2025-12-11 09:47:16,admin,100,100,sb_58887a8eb3d640838ce37c02023f4910,Waiting for Payment
2025-12-11 11:01:03,admin,100,100,sb_83ef7f9211d04b2b9dfd4f386d0b7408,Waiting for Payment
2025-12-11 11:32:19,azam,100,100,sb_5bca7e5097b3427cbb33000dc259bbc2,Waiting for Payment
2025-12-11 11:34:50,azam,100,100,1e2c98e8e3474aeca3693c8a49b15378,Waiting for Payment
2025-12-11 11:52:51,azam,100,100,sb_c394395b94654641ab19aa645f33678a,Waiting for Payment
2025-12-11 14:30:53,ali,100,100,sb_ffff1903e3de4c1bb1963a5ca80e8e63,Waiting for Payment
2025-12-11 14:31:42,ali,100,100,61c296e8acbb4b379b6cce6f5010ff2f,Waiting for Payment
2025-12-11 14:42:16,ali,100,100,4fcafa9774a04a9d9662a7c0bca662e7,Waiting for Payment
2025-12-11 16:09:32,azam,100,100,sb_e11b9638b4c74d8f960716e375b0728c,Waiting for Payment
2025-12-11 16:11:22,azam,100,100,sb_36090568c04a4cde9966f5d6a9ad6103,Waiting for Payment
2025-12-11 16:20:04,admin,100,100,sb_d3e606195d694a10a8d251f46d32d36b,Charge Success
2025-12-11 16:24:04,azam,100,100,sb_1be8b85dec6b40258b23bdedd5114b39,Waiting for Payment
2025-12-11 16:24:04,ali,100,100,sb_98b9a8872e434f39b3666115e92a0d3e,Waiting for Payment
2025-12-11 16:32:28,admin,100,100,sb_086cff9d87e847d0851aa3e853808369,Waiting for Payment
2026-01-30 11:31:31,admin,250,250,cae06611d60f435f974e1b57f2c91ad5,Charge Success
